{
    "train": {
        "accuracy": 0.5111111111111111,
        "F1-Score": 0.4883720930232558,
        "precision": 0.5675675675675675,
        "recall": 0.42857142857142855
    }
}