{
    "train": {
        "accuracy": 0.5833333333333334,
        "F1-Score": 0.5508982035928144,
        "precision": 0.696969696969697,
        "recall": 0.45544554455445546
    }
}